Sikayet,Kaynak,Tarih
kahpe ikea geçen gün neden ranch yoktu şimdi gidip şikayet etçem,Twitter,-
"Çalarsan bedavaya gelir tabi, ayrıca arkadaşları çocuğunun bütün kırtasiye malzemelerinin üstünde ikea yazısını görüp alaya aldığında sakın şikayet etme ama.",Twitter,-
"#ikea #şikayet Ikea'dan iki koltuk aldım, 5. ayda gıcırdamaya başladılar, kaldı ki bu 5 ayın içerisinde 41 gün evde yoktuk.  Kurumsal marka olduğu için sonuna kadar arkasında duracağı için elbette ikea'yı  seçtim.",Twitter,-
"decathlon veya ikea gibi yerlerden alıp daha pahalıya satanlar var. Şikayet edilince hb, n11, trendyol hiçbir şey yapmıyor. Bauhaus çalışanlarının hepsinin bildiği elektrikli el aletleri filan alan teyzeler var, onlar da üstüne koyup satıyor.",Twitter,-
Benim favorim decathlon ve ikea'dan aldıklarını böyle satan sıradan vatandaş profili. 20-25₺'lık tablet standını 750₺'dan fazlaya satıyorlar. Keza decathlon ürünleri de. Açın pazaryeri uygulamalarından bakın. Ha bu arada şikayet edince yasak değil bişey yapamayız diyorlar,Twitter,-
ikea bayrampaşa mağazasından gardrop aldım.ürünlerimi 20 gün geç getirdiler ayrıca bir adet pax dolap iskeletini eksik ve eksik ürün göndermediklerini iddia ediyorlar. tüm kayıtlarıma rağmen yardımcı olmadılar.tüketici hakem heyetine başvuruda bulunacağım #Ikea #borusan #şikayet,Twitter,-
5 sene önce #ikea dan EKTORP 3lü kanepe aldım. 2 ci sene sağ ön ayağı (iskelette plastik bir ayak) tahta kısmından kırıldı. Bodrum sipariş noktasına gittim şikayet dilekçesi yazdım 15 gün sonra #ikea bilirkişisi geldi gördü ve  bu isket kırılması garanti kapsamında değil dedi.,Twitter,-
"isveçliye değil ikea'ya şikayet ediyoruz, nereli olduğu gram umurumuzda değil",Twitter,-
"İsveç ikea'ya yüklenmeyin arkadaşlar, boykot hoş bir şey değil. İkea merkeze sakın bildirmeyin durumu ülkemizi şikayet etmemeliyiz. Boykot çok ayıp bi şey. Kallax kırılır yen içinde kalır.",Twitter,-
"VW den sonra sıra ikea'ya mı geldi,bakın bakalım sırada hangi distrübitörler var yabancılara şikayet edeceğiniz",Twitter,-
İkea dan tek kişilik yatak aldım kurulum ücreti yüksek diye  Kendim yapmak istedim 2 gündür mahvoldum yapamıyorum. Ama o kadar zorlaştırmışlar ki kurulumu  Kendileri ücret almak için ..     @IKEA  #ikea şikayet,Twitter,-
ikea internet sitesinden ürün alınmaz. kargo sürecini takip edemiyorum.şikayet maili yaziyorum ama gönderilemiyor 7 gündür ürün gelmedi.müsteri temsilcileri  bir ise yapmiyor  kaydinizi aldik demekten başka bir söz yok İkea pişmanliktir.! 700 tl de kargo ücreti almayi biliyorlar,Twitter,-
Ahlaksiz ikea değil Türkiye distribütörleri. Böyle bir sürü global marka var mahmutpasa esnafı adamlara distribütörlük vermişler. Direk ikea nin global mail adresine sikayet edin.,Twitter,-
İsveç ıkea nın mail adresini bulup oraya mail atın ayrıca şikayet var gibi siteelerrde şikayet oluşturun.   Sesinizi bir şekilde İsveç ıkeaya duyurun.,Twitter,-
Olabilir ancak mapa firması İKEA firmasının verdiği hiç bir garantiyi vermez. Çünki arkasında ikea yok sadece isim hakkını ve malzemeleri kullanıyorlar. Yani TR'de IKE firması marka olarak satılıyor ancak hizmet kalitesi IKEA'dan gelmiyor. İsterseniz en üst düzeyden şikayet edin,Twitter,-
Şikayet edeceğim dediğimde şikayetini iletebilirsiniz IKEA çalışma prensibimiz bu şekilde ilerliyor diyorlar. Yani çok büyük mağdur edildim 1 aydır sipariş verdiğim ürünü bekliyorum  @IKEATurkiye  #ikea #ikeatürkiye #ikeaturkey #sikayetvar,Twitter,-
El ele bu rezalete dahil olan kargo şirketi de #arvato . Şikayet kaynıyor ortalık bu şekilde rutinleri olmuş artık. Sürekli ikea’dan alışveriş yapan biri olarak bu son oldu  @IKEATurkiye,Twitter,-
•sikayet var•  ikea yuzen mumlar bi kere yandiktan sonra cok zor yüzüo batiyo,Twitter,-
Gizli ikea reklamı şikayet edeyim de bi 500k daha ödesin,Twitter,-
İkeada biyerden toptan alıp satıyor o zaman ikea yida şikayet edelim,Twitter,-
Evet bunu yıllardır yapıyorlar gittim ikea ya birebir şikayet ettim ama nafile..,Twitter,-
"İkeanın bununla mücadele etmesi lazım, biz bu konuyla ilgili şikayet ettik pek oralı olmadı ikea",Twitter,-
"ikea'nın bu tür bir modeli için gıcırtı yaptığına dair çok fazla şikayet vardı, ben de merak edip baktığımda :( kalitesine göre değişebilir belki.",Twitter,-
"Bunu burada yazmak yerine ikea'ya şikayet edin. İkea bir firmaya birden fazla mal vermesinKaldı ki, satıcı belki ikea ile bile anlaşıp toptan satın almış olabilir. Ayrıca bu iş modeline arbitrage denir ve dünyanın her yerinde uygulanır.",Twitter,-
@IKEA  @IKEATurkiye   Siz şaka mısınız.!! Şuan ikea bayrampaşa şubenizdeyim kasada yaşadığım problemi aktaracak 1 kişi yok bu nasıl mağaza eşşek kadar mağazada bilmem kaç tane çalışan arasında bir tane şikayet edecek biri yok.,Twitter,-
Yaşadığımız  maduriyetini kime şikayet edebiliriz? #ikea @tuketicikanunu @tuketicikonfed @tukonfed @ticaret @tuketicihak @TuketiciBasvuru @IKEATurkiye,Twitter,-
Yarın ilk iş sizi tüketici hakem heyetine şikayet edeceğim. Ayıplı ürün satmaktan ve bununla ilgili gerekeni yapmamaktan dolayı. Gerçekten tam manası ile yerelleşmişsiniz. Ama elim değmişken  @ikea  global’e de bunu bildirmeden geçmeyeceğim.,Twitter,-
Yazılan kalem izlerinin çıkmaması hakkında bir sürü şikayet var ve hiç biri çözülmemiş duruyor ikea tam bir pişmanlıksın  @IKEATurkiye,Twitter,-
Bende herzaman aldığım ikea mumdan kazıklandım maalesef ürün ambalajına kadar aynı fakat asla damlamayan kokmayan mum bakkal mumu gibi çıktı şikayet etsek neye yarar yanlarına kar kalıyor,Twitter,-
@IKEA  @IKEATurkiye  @IKEAUSA  @IKEAUK  @gumrukveticaret  ikea dan ayakkabılık aldık. Ne olduğunu anlamadan kabarıklık oluştu. Şikayet ettik kullanıcı hatasiymis su dokmedik bile. Bir daha Ikea asla...,Twitter,-
Çok yetersiz bir şirketsiniz. Sizi şikayet edeceğim. Bana ürünümü bugün teslim edin 2 haftadır ikea dan teslim aldığınız ürün deponuzda bekliyor.  @horozlojistik  @HorozNakliyat  @IKEATurkiye,Twitter,-
@horozlojistik  Şimdi üşenmeyip firmanın sçma sapan ürünümü benden izinsiz iptalini yazıyorum. Yaklaşık bir ay boyunca 4 kere şikayet kaydı oluşturdum. Şehirden uzak yaşadığım için önce teslimat yapamayız dediler sonra ikea'dan aldığım ürün için 300 TL teslimat ücreti ödediğimi +,Twitter,-
Rüyamda ikea kasalarından Selahattin Demirtaş ile karşılaşıyorduk ailecek kardeşim beni seloya ablam saç düzleştiricisini sürekli fişte bırakıyor diye şikayet ediyordu selo da bana kızıyordu,Twitter,-
"ikea'ya gitme planı, amazon müşteri temsilcisine agt kurye'yi şikayet etmem üstüne, paketlerimi bugün getirecekleri sözünü vermeleri üstüne iptal oldu. bugün de evdeyiz :/",Twitter,-
Bi kere gitmissin sikayet etmissin ikinciye niye gidiyosun be o zaman. ikea gibi demonte veriyolar iste ne bekliyosun,Twitter,-
"Rabbim herkese Hacer Uyğur gibi bir kardeş nasip etsin. Hem psikolog, hem dost canlısı. Neşeli şirin sanki. Bir de oralet sever, sevdirir. Onun attığı ses dosyaları ile doludur telefonunuz ama hic şikayet etmezsiniz. Öyle bişey.",Twitter,-
"Bir daha yeniden ev kuracak olsam türkiyede ikea'dan başkasından mobilya almam gereksiz pahalı ürünler önemlisi müşteri memnuniyeti için çalışan marka sayısı çok az, şikayet varada bir bakmanı öneririm :/",Twitter,-
şuna bak şimdi de ikea'ya gitme planları yapılmış ve ben yokum  ben bu arkadaş grubundan ne zaman atıldım?? artık düpedüz alenen dışlanmaya başladım seni cumhurbaşkanıma şikayet ediyorum @emineülkertarhan,Twitter,-
"@IKEATurkiye ,  @IKEA  Daha ne yapmam gerekiyor artık bilemiyorum. Neden IKEA neden, neden bu kadar umursamazsın  sikayetvar.com/sikayet/detay/ …,  sikayetvar.com/sikayet/detay/ …,  xolvie.com/complaints/232 …",Twitter,-
@IKEATurkiye  Müşteri hizmetleri arıyor eksperimiz onaylamadı dosya kapandı diyor. Siz tüketici haklarına şikayet edebilirsiniz diyor. Ortada 1 aylık bir ürün var gerçekten aklım almıyor mutfak masasına su dökülecek tabiki. Ingatorp masa Ürününüzün arkasında durun #ikea,Twitter,-
Şikayet umurlarında bile değil ki. Tokatçılar resmen. Bu gibi kalitesiz firmalar yüzünden millet hep ikea’dan alıyor artık ben dahil.,Twitter,-
Şikayetlerin olduğu siteye keşke daha önce baksaymışım çünkü bu kabarma ile ilgili bir çok şikayet var  @VitrATurkiye  için.Ve son derece ilgisizler yine yanıldım galiba.bana keşke ikea alsaydım dedirteceksiniz.,Twitter,-
Bir tıp Merkezinde bunu yaşadım çalışanlar bu durumun uzun zamandır böyle olduğunu şikayet etmelerine rağmen bir çözüm olmadığını söylediler bahsettiğim yer Bornova ikea yakını aynı sorunu Gaziemir 54 sokak annemin evinde de yaşıyoruz inşallah 3 ay snra iyi bir  operatör gecicem,Twitter,-
Ikea Türkiye ile sorun yaşayan kaç kişi var merak ediyorum . Online alış verişimiz 3 haftadır kabusa döndü .  @IKEATurkiye  #ikeatürkiye #ikea #şikayet #ikeaşikayet #ikeamüşterihizmetleri,Twitter,-
"Simdi yine sikayet kaydi olusturulup oradan oraya savrulup onlarca telefon gorusmesine devvamke. Daha ikeayi birakin, kocatepenin adini duymak istemiyorum  Basta kendim olmak uzere ikea severlere ibretlik hikayemi anlatmak istedim",Twitter,-
şikayet edilebilir ikea dünyanin heryerinde bu servis i yapiyor.,Twitter,-
"bu  kadar güzel  çeşide  rağmen,  bu  kadar  şikayet  görmek  üzücü. dün  mağazanıza  gittim.  zaten  çeşit yok,  görüp karar veremiyoruz.  büyük  bir  mağazanız olur ikea gibi  her  ürünü göreceğimiz yerli  malı  almak  isteriz.   ama  oralara  gitmek  zorunda bırakıyorsunuz.",Twitter,-
"Birşey değişmeyecek, o yüzden yazmayacağım dm den. Daha önce farklı konulardan farklı tarihlerde 2 kere sikayet kaydı oluşturdum.  Özür dilenip geçildi. Bu 3 oldu. Yakında kapanır herhalde bursa ikea. Reyonlarinizin çoğu bomboş.",Twitter,-
Bu salak #ikea nin neden Twitter Türkiye hesabı yok biliyor ki çok şikayet alicak açmamış hesap belli ki.. ya Haziran'da bir tvsehpası aldım dün bir dokunmamla çekmecesi çatladı böyle adi birşey.. bir de 1500 lira verdim yazık paraya çöp oldu resmen çöp Kimse bana övmesin artik,Twitter,-
horoz lojistik depoda unutup eksik teslim ettiği ikea kitaplık kapağımı 2 ay ve 75 şikayet kaydının sonunda getirmiş,Twitter,-
sikayetvar.com/ikea/ikea-mutf … bu da  şikayetler.com sitesine yazdığım şikayet cevap dahi verilmedi.,Twitter,-
#ikea internet mağazacılığı pişmanlıktır. #şikayet  @IKEA  @IKEATurkiye  bir ayda eksiksiz ürün teslim edememinizi bir kez daha,Twitter,-
Aldığı her ürün elinde patlıyor:) geçenlerde ikea dan ürün almış gelmemiş şikayet yazmış  şimdi de exxen:xd sorun sende birde kendini şikayet etsen:),Twitter,-
"@IKEATurkiye  @IKEAUSA  Can ve mal kaybına sebep olan ve olabilecek olan bu konunun kullanıcıya yüklenmesi Kabul edilebilir bir durum değildir, konu ile ilgili tüm mercilere başvurup zararımın karşılanması adına konuyu takip edeceğimi de bildiririm. #ikea #MAPA #şikayet",Twitter,-
Hala yok dolap yanlis bir sürü laf ettiler ben de cikin evimden sizi sikayet edecegim dedim müsterihizmetleri aldigim bekobayii heryere bildirdim 2 defa arandim gelen giden yok mutfagim yeni ikea tezgah kalkip o köşe öyle degismeli dedi bayii kolay dedi 10 gün oldu,Twitter,-
"Birin de ""kea"" yazıyor diğerin de ""ikea"" TDK'ya şikayet etmişler düzeltmişler hemen.umarım yardımcı olmuşumdur.Her şey gönlünce olsun.",Twitter,-
"Ben ikea’dan almıştım, Moleskine kadar kaliteli değil tabii ki, fiyat/performans ürünü bence, şikayet edemem.",Twitter,-
"Reis sen hazırlığı yapacaksın tüm ölçüler alınmış, ahşaplar kesilmiş olacak ikea gibi :) selam aleyküm bismillah deyip çat çat çat vidalama işi olacak :) şaka bir yana evet kolay değil ama niyetine girsen yapılır :) şikayet konusu sıkıntılı :)",Twitter,-
almanca dersi icin yaptigim ikea’ya sikayet dosedigim mektubu bulur atarim altina,Twitter,-
"dun ikea'ya bi sikayet maili attim, bana jet hiziyla donduler bu yuzden uzun uzun tivitleyemicem konuyu.... yalnizca 9 dk boyunca isvec kofte hakkinda konustugumuzu soyleyebilirim lol",Twitter,-
@Koctas  sonra yerli ve milli olalım dedik ikea dan degil sizden aldık kolilerin içinden cıkan her ürünüz sorunlu Tekrar magazaya git degiş.. Teşhırdeki ürünler saglam kolidekiler sorunlu Teşhirdekini nie satmadıgınız belli.. Cimere şikayet edecek sizi... Yettiniz ama,Twitter,-
"şikayet etmeyen insanlar, sorunları olmadığı için şikayet etmiyor değildir; bilakis, iki kullanımdan sonra insanın elinde çatlayan ikea şarap bardakları gibi, en ufak bir darbede paramparça olmaktan korkacak kadar sorunların içine batmış durumdadırlar.",Twitter,-
İşlerinizi böyle mi takip ediyorsun 2 hafta sonra nasıl bitmiş der iptal edebilirsiniz ben bu saatten sonra tekrar mı arayacağım ürünü. Nasıl bir sisteminiz var stok yönetiminiz var. Aklıma gelen her yere şikayet edeceğim sizi  @IKEATurkiye  #ikea,Twitter,-
#ikea ile maceramizin sonuna ulastik. 31 gun sonunda 15 sikayet basvurusu ve onlarca telefondan sonra 47 parcadan olusan dev siparisimin #horozkargo tarafindan kismen yanlis adrese sevk edildigini ve bulunamadigini ogrendim .Ucret iadesini onerdiler 6 gun sonra hesabimda olacak,Twitter,-
2 adet düz büyük tabak bu şekilde kırık. 30 dakika çağrı merkezinize bağlanamadım. #şikayet #ikea #ikeatürkiye #ikeaturkey hala bir geri dönüş de yok,Twitter,-
"Günaydın. ""Ben düştüm, iyi kötü kurtuldum"" dediğin markaları Gelbaba'da yorumla. #Koctas yorumları için    buff.ly/2S5eqAD #gelbaba #şikayet #yorum #marka #bauhaus #tekzen #ikea #musteri #sikayet #tuketici #oneri #sikayetimvar #istek #pazar",Twitter,-
Bursa ikea.. karantinadan sonra içinde kaybolsam bile şikayet etmeyeceğim,Twitter,-
İsveç gibi yerlerde ikea gibi kurumsal firmalarda şikayet edersiniz sonuç alırsınız. Tr gibi bir yerde İK olmayan küçük bir şirkette kimi kime şikayet edeceksiniz? Etseniz bile denetleme nerede? Olayın ayrıntılarını bile bilmeden bu soruların cevabını biliyormuş gibi davranmanız?,Twitter,-
"Müthiş domuz bir günüm. İşimin ortasında sinirlenip sırayla ikea, ttnet, vodafone herkesi tek tek üşenmeden şikayet etmeye başladım, fotoğraf yüklüyorum uzun uzun derdimi yazıyorum. Kaşlarımı çatmaktan başım ağrıyor tşkrlr.",Twitter,-
@IKEATurkiye  siparisimizi nakliyat dahil yaptik ve ücreti de ödedik. tek kisi yollamissiniz ve bütün dolaplari soför ile 65 yasindaki babam tasimis! nakliye parasinin iadesini istiyorum!! #ikea #kartal #sikayet #istanbul,Twitter,-
"Geleceğin en güçlü muhalifi geliyor! Onu top havuzuna almayan ikea çalışanı ablayı şikayet edicem dio,dinleyin lütfen o bnm yeğenim!",Twitter,-
Seni hemen engil altan duztabana sikayet edicem ikea tablosu asmissin,Twitter,-
#ikea #şikayet #ikeaşikayet  @IKEATurkiye  bir cevap verecek misiniz?,Twitter,-
@IKEATurkiye  #ikea #şikayet #ikeaşikayet şikayetimin kabul edilmediğine dair belgeye bakınız ve üründe tespit edilen arızalar kısmındaki açıklamayı okuyunuz. Sadece şunu sormak istiyorum çatal kaşık ve bıçağı pas bulaşacak ne ile yıkayabiliriz de başka malzemeden pas bulaşabilir?,Twitter,-
"@IKEATurkiye  #ikea #şikayet #ikeaşikayet İkea’nın kurumsal yapısına yakışmayacak biçimde yapılan inceleme ve “başka malzemeden pas bulaşmış” şeklinde verilen son derece mantıksız ve amatörce cevabı size iletiyor, mağduriyetimin giderilmesini rica ediyorum.",Twitter,-
Bugünkü ikea maceramızdan sonra annem telefonda FRANSA YAŞANACAK BİR YER DEĞİL BU KADAR YANLIŞ Bİ SİSTEM GÖRMEDİM diye teyzeme şikayet ediyo,Twitter,-
Ikea ümraniye mağazadından  gardolap aldım kapağı ve bir raf arızalı çıktı sonrasında yaşananlar fecii müşteri temsilcisi Gülten hnm tam bir fiyasko 3 kez kapak geldi her seferinde başka bir defo raf tan haber hiç yok #ikea #şikayet #defoluürün  @IKEATurkiye  @ikeaturkiye  @gulten,Twitter,-
Ikea ümraniye mağazadından  gardolap aldım kapağı ve bir raf arızalı çıktı sonrasında yaşananlar fecii müşteri temsilcisi Gülten hnm tam bir fiyasko 3 kez kapak geldi her seferinde başka bir defo raf tan haber hiç yok #ikea #şikayet #defoluürün  @IKEATurkiye,Twitter,-
"Pax dolabınıza dikkat edin, bir gece ansızın camı patlayıp üstünüze düşebilir  @IKEATurkiye  #ikea #şikayet",Twitter,-
Sevgili #ikea kardeş. O kadar ürün aldım bir tane ilgilenen elemanın olmadı. Ürünleri sırtımızda taşıma çabamız da dillere destan #şikayet,Twitter,-
Lanet olası IKEA!!!!!AAAAA ->  sikayetvar.com/sikayet/detay/ …,Twitter,-
►  @IKEATurkiye  Veremeyeceği Hizmetin Ücretini Aldı.  sikayetvar.com/sikayet/detay/ …  @SikayetvarCom  aracılığıyla,Twitter,-
"Hem elimin altında olsun diyor hem de yerden şikayet ediyorsanız, yatağınızın altında olsun.  bit.ly/1zeCOBk",Twitter,-
@IKEATurkiye  ben buldum:ikisinde de ikea cocuk alanındaki kaba muameleyi şikayet eden müşteriye ikeaturkiye cevap vermiyor,Twitter,-
"@pixeliris  @Sehir_Hatlari  uyarı mı ekşi sözlükte gördüm geldim apaçık şikayet bu. vergi dairelerinde örgü ören, ikea kataloğuna",Twitter,-
"ikea'dan döşeli,güvenli evlerinde insanlar, sokaklardaki köpeklerden rahatsız olup zehirliyor, şikayet ediyor. allah varsa da insanda değil.",Twitter,-
►  @SikayetvarCom  ’a  @IKEATurkiye  hakkında şikayette bulundum. Beni destekler misiniz?  sikayetvar.com/sikayet/detay/ …,Twitter,-
@antugurdag  mini cooper ikea'dan alınır. Güzel memleketimde her türlü imkan var. Ne diye şikayet eder bu insanlar?,Twitter,-
►  @IKEATurkiye  Yanlış Ürün Gönderdi!  sikayetvar.com/sikayet/detay/ …  @sikayetvarcom  aracılığıyla,Twitter,-
"Handecanın bugünkü programı: buyaka avm ye gidiş, güzel bi kahvaltı, ikea da hamallık, ikeada 10-15 tane şikayet formu doldurmak ...",Twitter,-
İkea Ürünüme Montaj Yapmadı - Şikayetbank  sikayetbank.com/Sikayet/11552/ …  @sikayetbankcom  aracılığıyla,Twitter,-
İkea : teslimat ve montaj hakkında şikayet  goo.gl/fb/Ahjpc,Twitter,-
"@Balahore  @gizem_gungor  Pitirciklar onune ""#"" ya da ""@"" koyup ikea ile ilgili bir sikayet yazsaniz hemen ilgilenrler! nato kafa nato mermer!",Twitter,-
#ikea ya gıda zehirlenmesi ile ilgili yaptığım şikayet sonucunda hala bir özür olmadı.. yalansın #ikea senin yüzünden bi sürü masrafa girdim,Twitter,-
Yeni Şikayet: İkea Kusurlu Mal Satışı Yapıyor!  tuketicihaklari.biz/ikea-kusurlu-m …,Twitter,-
@MEmreKrmn  şikayet ettiğiniz saatin  15-20 dk. sonrasında çektiğim ıkea kavşağı.Gayet ferah...Size denk gelmiş..!,Twitter,-
tv reklamında  ikea.com'a girmek 1 dakikadır diyo. 3 dakikadır bağlanmasını bekliyorum. nereye şikayet edebilirim :)),Twitter,-
Ürünlerimin bugün teslim edilmemesi halinde heryere şikayet edeceğim #ikea #DHL !,Twitter,-
"""beylere hepsi güzel"" diyen ikea reklamlarını şikayet etsem ciddiye alan olur mu acaba? ama doğru lan, bizim için fark etmez ki!",Twitter,-
@Can_ozel  suss sikayet etme :)) ikea - kanlica - kristal -ismailer ve quba gunu gelsin aklina :) yazarken bile yoruldum cjdkdkfn,Twitter,-
reklamları  nereye şikayet edebiliyoruz bilen ? ikea reklamına kıl kaptım .hayır yani 118 33 'e bile razıyım şuan.,Twitter,-
"ikea, evimizin hor şeyi. tüketici haklarına şikayet edilmene az kaldı! al gardını.",Twitter,-
bu ikea gercekten komedi!!!kutunun icinden kirik sehpa ciksin ve 2 gun bekle de!oldu tuketici haklarina sikayet edelimde gor!,Twitter,-
Ya da her derste ikea daki ‘herşey’ bitişik diye hayıflanıp her gün şikayet dilekçesi atması değil,Twitter,-
Bir pastanın üzerine kaç çilek sığar? Babam böyle pasta yapmayı nerden öğrendi?  Gelbaba'daki #ikea yorumları için    buff.ly/2BdJ9pH  #gelbaba #sikayet #yorum #musterimemnuniyeti #yorumyap #şikayet #öneri #marka #istek #musteri #tuketici #sikayetimvar,Twitter,-
cagri merkezini bizde oyle bir sey gorunmuyo diyo. sikayet maillerine de donulmuyo ?  #ikea #ikeaturkiye,Twitter,-
"ikea fransa ya turkiye yi sikayet etmek, iyiymis",Twitter,-
IKEA rozšiřuje svou dětskou řadu Grejsimojs o stylový Bluetooth reproduktor v podobě fialové myši  Ideální doplněk pro oživení dětského pokoje hravým designem.,Twitter,-
IKEA blockchain,Twitter,-
you can possibly win a hoodie from our giant capsule toy vending machine,Twitter,-
ビジュ良 おいしそうなタルトです〜ラズベリー？大好きIKEAにあるんですね！！ 2人の食べたいものがすれ違っている様な…,Twitter,-
Hot take: The real relationship test isn’t assembling IKEA furniture — it’s talking about money. How do you handle it?  #LoveandMoney #MoneyTalks #PersonalFinance,Twitter,-
sedapnya meatball ikea,Twitter,-
IKEA instructions,Twitter,-
#รับหิ้ว #รับหิ้วikea #รับหิ้วdonki #ikea #donki,Twitter,-
"เค้าจะเข้าikea,donki ศุกร์นี้ใครอยากฝากหิ้วอะไรมั้ยคะ mention/dmได้เลยน้าคะ #รับหิ้ว #รับหิ้วikea #รับหิ้วdonki #ikea #donki",Twitter,-
me in a month's time when I get to go back to IKEA,Twitter,-
IKEA is still good for wfc on rainy days,Twitter,-
I was at ikea and i ate a pasta off a leftover plate someone left #worthit,Twitter,-
มีใครรับหิ้ว/พรี ikea จากญี่ปุ่นไหมคับ #รับหิ้วญี่ปุ่น #พรีออเดอร์ญี่ปุ่น #รับหิ้วikea #รับหิ้วอิเกีย,Twitter,-
The costume was made from IKEA's bathroom scrubbers,Twitter,-
"In der Realschule war ein sehr netter Japaner, die sind klischeehaft nach Düsseldorf umgezogen und Schweden kenn ich nicht. Ikea hasse ich.  Pro deutsches Kötbular aha Löwenkürtel.",Twitter,-
"Its a shame we couldn't get the big sponsors that are right on our door step. Glasgow airport, IKEA, McDonald's. We used to have 5 guys giveaways and stuff so some of the food outlets would be fab again. Giants do a crispy Creme giveaway etc, we have Millies and Krispy Creme",Twitter,-
"Ikea marathon completed,  dining chairs ordered. Will to live lost",Twitter,-
"Security audits shouldn’t feel like IKEA builds with missing instructions.  EXPLIoT Platform automates xIoT assessments 100× faster firmware, hardware & RF.  Know more  →  expliot.io  #infosec #iotsecurity #firmwaresecurity #hardwaresecurity #cybersecurity",Twitter,-
Berkowicz kontra ciec na ochronie w Ikea,Twitter,-
ikea addiction getting out of hand,Twitter,-
IKEAのこのフロアランプのデザイン性いいのに価格安すぎっ！いいなーって思ったけど赤だけっぽいのがなァ… 写真を見る限りトーンはいいんだけども,Twitter,-
知り合いはIKEAのやつ推してた！,Twitter,-
先週から各所に現れてるIKEAのデカい袋を持ってガチャ全部回していくおじさん組は何の勢力なの,Twitter,-
LU SEBUT AJE SEMUA PARABOTAN DISANA. OTW JADI IKEA.,Twitter,-
"Stop konfederacjonizacji Polski!  No chyba, że nie będziemy oceniać całości środowiska przez kilka jednostek.   Żeby nie było, że całość nie ogarnia jak w IKEA kasa działa.",Twitter,-
飾る場所なくて困ってたし今回ちょうど良いし週末ニトリかIKEAで棚買ってくるかw,Twitter,-
確かに！今日IKEAの本棚を解体して捨てたけど、うまいこと解体はできなかったですー,Twitter,-
Hehe!! A very judgey face and quite right too!  My box is a bit of a snug fit hence the tail drape but I think Mum got it from Ikea! Just one of their plain cardboard boxes would have done!,Twitter,-
"IKEA UAE introduces a 50 cm hot dog for $5.17  Designed for fast-food fans and professionals alike, it's being tested as a traffic magnet for stores. #IKEA #UAE #fastfood #retail #marketing",Twitter,-
地元に麻辣湯の店がオープンしたから行ってみたよ！初の麻辣湯だよ！ 今日はIKEAもそうだったけど好きなもの乗せてくスタイルの飯だったからずっと腹いっぱいになれたよね,Twitter,-
"Eres la cabeza peor amueblada de la izquierda. No hay presupuesto, ni siquiera en Ikea, para llenártela.",Twitter,-
"C est d'autant plus étonnant qu'il suffit de taper "" hijab enfant sur google ou autre pour en acheter en France et depuis une société de vente comme Amzn",Twitter,-
今日久しぶりに表参道に行ったら 人が多くてびっくりした 外国人が多いのは分かるけど 平日なのに若者多かったな しかもみんなお洒落さんだった 原宿のIKEAの後は何になるんだろう？,Twitter,-
Product Name:  Modern Kitchen Cabinet Almari Dapur Kabinet Dapur Almari Murah Almari Dapur Murah Aesthetic Cabinet Modern Kitchen Cabinet Offer Lelong Promotion Discount Ikea Furniture Perabot Dapur  Product Price:  RM299 Discount Price:  RM199 |,Twitter,-
我が家の近くのIKEAは小さすぎてどこにいるのか迷いません 大きい店舗、羨ましいです  ワークマンも子ども服あるんですね！ 知らなかった！,Twitter,-
detta ska väl ha max 10x ebit? badrumsskåp liksom. Gjorda av trä. Ikea gör väl badrumsskåp? Private label..,Twitter,-
i put together my own chair from ikea and its so poorly done  shits slowly tilting to the left bc im always perched on that side + doesnt roll around even tho its a wheeled chair,Twitter,-
机を拡張するためにIKEAのデスクを買おうか迷ってるんだけど、見た目違う机横に並べるのダサくないか？という気持ちと、広くして利便性を上げたいという気持ちと、そもそも部屋自体汚いんだからオシャレもクソもないだろという気持ちとで心の浮き沈みが激しい,Twitter,-
IKEAサメ家族 パパのティータイム一息ついて頑張るか…早く帰りたいなぁ,Twitter,-
Where are you from?   the land of ikea #tellonym,Twitter,-
芸能人やYoutuberの家ツアーでみた中で一番オシャレかも！めっちゃ好みー。ところどころ整頓のコツとか話してくれたり、IKEAとか庶民派なアイテムもあったり、仕事も育児も超バリバリでともちんってこんなかっこよかったんだなー。,Twitter,-
"I stopped buying bedsheets and towels from IKEA as I suspect most of them comes from the factories of Pakistan, which are controlled by ter405ist organizations   Can you confirm that these factories don’t fund te44051st organizations?  @IKEA",Twitter,-
Going to Ikea together itself is a compatibility matching test,Twitter,-
"Wer 180 Euro bei Ikea zahlt, ist selbst schuld: Dieser 30-Euro-Schrank kann das Gleiche: Ikea nennt ihn „Jonaxel“, wir sagen: zu teuer. Warum fast 180 Euro im schwedischen Möbelhaus lassen, wenn ein offener Kleiderschrank auch deutlich günstiger zu haben…  dlvr.it/TQljDy",Twitter,-
Ikea KRAKRISMOTT Full/Queen Duvet Cover with 2 Queen Pillow Shams 105.363.03. #ikea #krakrissmott #duvet #queen #bedding,Twitter,-
IKEA i think?,Twitter,-
IKEAで売ってるよ。 店舗によっては置いてないけど アプリで在庫確認はできるよ。 わたしは最寄りにはなくて オンラインで買ったよ。,Twitter,-
"Mann fragt sich halt, wieso die Wohnung wie ein Ikea Katalog aussehen soll und wieso über dem Sofa eine Decke zur Deko liegt. Wenn er dann seine Wäsche im Bad in den Wäschekorb werfen will fragt er sich wieso das Waschbecken voll steht.",Twitter,-
ปล่อยถาดใส่ของอีเกีย 120 นาฬิกาอีเกีย 200  ส่งฟรีเอกชน #Ikea #สกัวดิส  #ส่งต่ออีเกีย #ส่งต่อikea #ส่งต่อสกัวดิส #ตลาดนัดsanrio #ตลาดนัดอนิเมะ  ขอยืมแท็ก,Twitter,-
ปล่อยถาดใส่ของอีเกีย 120 นาฬิกาอีเกีย 200  ส่งฟรีเอกชน #Ikea #สกัวดิส  #ส่งต่ออีเกีย #ส่งต่อikea #ส่งต่อสกัวดิส #ตลาดนัดsanrio,Twitter,-
※IKEA・三菱・IBMなど外資系企業が続々と中国から撤退する理由と信じられない光景  youtu.be/HpFexcavHkE?si …  @YouTube より,Twitter,-
“mi líder” Si es que eres más tonto que llevar un lápiz al IKEA..,Twitter,-
フォローバックありがとうございます 江東区まで行ってこられたんですねっ！！！！！！ニトリ愛ナイスです IKEAの詳細なリビューまで…今度IKEA行ったらケーキ食べます,Twitter,-
Larry and  @HMoonCrab  IRL Ikea stream when?,Twitter,-
Mon dieu,Twitter,-
"He tenido que hacer la mudanza en un día, he trabajado el día siguiente, resulta que tengo bronquitis y hoy me he gastado 160 euros en el ikea, porque tengo que ser adulto?",Twitter,-
Para as estantes do IKEA.,Twitter,-
IKEAのミラーがかわいいし お値段もかわいい,Twitter,-
Skulle samle et skab fra IKEA,Twitter,-
ラスト原宿IKEA飯 絶妙に機内食の味に似てる,Twitter,-
"Did you see the latest tech news? Apparently, AI is now capable of creating art that could make Picasso jealous. Just wait until it starts designing our furniture. I mean, who needs IKEA when you can have a smart couch that critiques your life choices?",Twitter,-
"That tea towel thing is so effective for a myriad of crucial training needs.  And the main tool is readily available at your local John Lewis, or indeed at IKEA or even Temu.",Twitter,-
最近好きなお店。  IKEA  ZARA  無印  ただ、近くにIKEAの大きいのない、ZARAの大きいお店閉店した…ので、IKEAと ZARAの拡大をお願いしたい  あと無印の子供服扱ってる店舗も増やしてほしい  来月、遠出して夫がIKEAの大きい店舗に連れてってくれるので楽しみすぎる,Twitter,-
ikea date hits different,Twitter,-
"The new store, which opens Feb. 11, is the smallest of Ikea's formats.",Twitter,-
IKEAオシャレなインテリア多いし見て回るだけでも楽しいからオススメだよ〜,Twitter,-
C'est moi obligé d'aller à Ikéa avec ma femme.,Twitter,-
"Gaslighting IKEA is Swedish, LEGO is Danish, the iconic Nokia phone was Finnish, fjords are Norway - not imported. On the other hand, the No Go Zones are imported recently...",Twitter,-
"CFLs (mercury-containing): Recycle at stores (Home Depot, IKEA) or HHW sites; never regular trash in many areas—seal broken ones in bags/plastic if disposal allowed.  LEDs (no mercury): Recycle as e-waste best (Home Depot, Lowe's, trash usually OK if no recycling nearby.",Twitter,-
"Yes, IKEA is Swedish (founded 1943), LEGO Danish (1932), fjords are iconic to Norway, and Nokia is Finnish (1865 origins).  The 2020 SAS ad claimed ""nothing is truly Scandinavian,"" highlighting cultural borrowings, which drew criticism for undermining identity.  On ""no-go zones"":",Twitter,-
Bjir semua bayi dibawa ke ikea,Twitter,-
IKEAですな！,Twitter,-
"@grok   Is not IKEA Swedish, LEGO Danish, fjords symbolic of Norway or the famous Nokia phone Finnish? This ad seems like a lot of gaslighting to break national spirit/identity...  What about the 'No Go Zones' that Sweden got enriched with recently? Should the locals be cheering?",Twitter,-
Sumbernya IKEA. Scientific banget… #uhuk,Twitter,-
I’m a maximalist and not embarrassed to admit it like why the fuck would you come to my house and clutch your pearls omg I can never have this much stuff like please go fuck yourself in IKEA,Twitter,-
IKEAでも作らない？,Twitter,-
That's where they hide them. I check all the wardrobes in IKEA when I go,Twitter,-
"Indonesia menempati posisi teratas sebagai negara paling gemar tidur dengan skor 73 persen, disusul Thailand dan Filipina dalam survei global IKEA Sleep Report 2025 terhadap 55.221 responden di 57 negara.  Hasil survei menunjukkan mayoritas responden memandang tidur sebagai",Twitter,-
@grok  do these IKEA instructions come in English? Can you translate and summarise this post please?,Twitter,-
"Les femmes suédoises, c'est comme les meubles IKEA. Il faut les monter soi-même... (Humour... pas taper, pas taper !! )",Twitter,-
this ikea monkey be everywhere,Twitter,-
"Amazon／今ならポイントUPキャンペーン中！  IKEA (イケア) フラクタ キャリーバッグ ブルー Lサイズ ショッピングバッグ (4枚セット), ブルー, 2XL ▼Amazon amzn.to/4nr332I  #PR(03:40:21)",Twitter,-
โคมไฟ 140 รวมส่งค่ะ ส่งได้ช่วง ส-อา นะคะ เค้าติดงาน แสงสีวอร์ม สว่างมาก มีรอยฝุ่นแต่เช็ดให้ได้ เก่าเก็บนิดนึงแต่ไม่มีผลต่อการใช้งาน  #ส่งต่อikea #ส่งต่ออิเกีย #ikea,Twitter,-
IKEAはロースコグ（キッチンワゴンみたいなの）が気に入ってて各所に買って置いてる それ以外の木製家具は全部崩壊したので捨てた、なんであんなに弱いのだ… MASTERWALはかっちょいいけどデカくて重くて使いにくいので買い替えたい,Twitter,-
"Heat actually bends wood naturally, that’s why all of  @IKEA ’s furniture is particle board (excluding premium products)",Twitter,-
IKEAのファーの椅子全然置く場所とかないけど欲しい〜かわいい〜,Twitter,-
"T'ho ha intentat explicar força gent i sembla que no ho entens, o no ho vols entendre.  Els senyors de l'Ikea et podran ajudar amb els passos necessaris.",Twitter,-
It is IA picture ?  @IKEA_France,Twitter,-
うちのすのこベッドがLOWYAだ 前にIKEAのソファやTVボードとか、MASTERWALのソファやテーブル買って豪華だけど重いし引っ越し大変だったし！って後悔して選んだLOWYAだ 作りもチープだけどいつでも捨てれる安心感と軽くて移動しやすくて掃除しやすくて最高に気に入ってる,Twitter,-
⇦Before After⇨  社会人20年目1人暮らしのお部屋,Twitter,-
An ikea unit will be insane,Twitter,-
IKEAのあんこクロワッサン、食べ慣れたあじと外国のあじがして美味い,Twitter,-
"freaky ass ikea, wtf",Twitter,-
I misread as “she looks ikea monkey here”,Twitter,-
"Ma copine me demande ce qu’on a besoin dans la maison et les seuls trucs qu’on a besoin c’est super cher donc je lui dis un bon d’achat Ikea mais elle ne veut pas car trop impersonnelle…  Il vous manque quoi chez vous, vous ?  Donnez-moi des idées",Twitter,-
#Arredo Quando accendi la luce succede qualcosa di inatteso: la nuova idea Ikea che sta spopolando  #trend #design #casa #interiordesign #catalogo #arredamento #homedecor #furniture,Twitter,-
"In the #AI & #BigData track at #IoTTechExpoGlobal,  practical enterprise applications are taking center stage, incl. real-world deployments from the likes of  @Airbus  and  @IKEA . If you’re here, drop a """" below! #DigitalTransformation #TechEvents2026 #TechExGlobal",Twitter,-
部屋にモンチッチ祭壇、つくるかな。 IKEA の SKADIS に好きなサイズに印刷したものを設置したらかわいくなりそう。,Twitter,-
IKEAのライト届いた〜！ 電球明るすぎたからもうちょいルーメン低いやつ探す！,Twitter,-
De directrice wil vanavond naar IKEA. Gelijk dan maar ff een hapje eten daar...,Twitter,-
人生の夏休み4日目 今日はIKEAに行ってジェネリック北欧ライトを買いました。 昨日のジムの筋肉痛がやばい,Twitter,-
IKEAのでかいサメのぬいぐるみいつかは買うけど親に怒られるから買うなら一人暮らししたときなのゴミすぎそれまでに死ねるといいけどな,Twitter,-
Ikea hiring Tiny Chef is a recipe for pure animated joy,Twitter,-
İkea ya bugün gidecektim Grip oldum Başkasını görsem hapşırıyorsun madem ne işin var toplum içinde derim diye otur oturduğun yerde dedim Gitmem lazım ikea kartında 5bin liram var  Uykularım kaçıyor parama bir şey olursa diye Bir şey beni Bornovadan uzak tutuyor,Twitter,-
IKEA's journey before the skz movie,Twitter,-
Tapi tips nak jaga dia untuk almari dengan chest drawer elakkan bagi kena air. Yang ni beli kalau nak budget friendly. Kalau jenis lasak nak tahan lama memang aku recommend amik Ikea punya￼,Twitter,-
"i could go to the store and get 20 beef weiners for 10$... but the buns those are more... ive never had costco food though, ilea meatballs though",Twitter,-
IKEAでオネマ用ケース チランジアソーキング用 ランドリーバッグ？を購入！  隣のコーナンでハオルチア も購入,Twitter,-
IKEAのアイスクリーム〜！美味しくて安くてとてもすち,Twitter,-
ｽ-さんの痛バとしてIKEAのトート買ってきた。,Twitter,-
おめかしマルクもIKEA宇宙人ちゃんもかわいい,Twitter,-
"GARA-GARA WARGA SEBELAH, AKU JADI TAU KALAU TERNYATA..   1. Coklat enak : Ritter Sport 2. Coklat almond : Beryl's 3. Bakpia : Bakpia Agung 4. Nastar Sultan : Tuffero 5. Lapis legit roll nanas: LV cake 6. Kue kacang : ququ 7. Wafer Roll : ROOLA 8. Wafer Roll IKEA : Meadows",Twitter,-
日曜に雪の可能性… 立川行ってウドラーメン食べてIKEA行く予定なんで晴れでお願い出来ませんかねぇ,Twitter,-
"Adieu Ikea, c'est FINI : voici l'enseigne de meubles qui va la remplacer dorénavant   l.nextplz.fr/NZr",Twitter,-
"Wer finanziert den NABU? U.a. die Steuerzahler und Kunden von unterstützenden Firmen (z.B. VW, REWE, Ikea), die sich auf glatten Straßen die Knochen brechen.",Twitter,-
I love my ikea monkey as much as this monkey loves their ikea monkey,Twitter,-
早出連チャン終わらないねのIKEAの子サメちゃんたち,Twitter,-
1/3 IKEA renueva una de sus piezas más queridas: la lámpara donut. Mantiene su carácter lúdico y añade un look más pulido y iluminación mejorada. Ideal para salones y dormitorios. ¿Listo para un toque contemporáneo?  #IKEA #Decoración #Iluminación  2…,Twitter,-
"IKEA style Swedish Meatballs are so easy to make at home! My Easy Swedish Meatballs recipe can be ready in just 30 minutes… serve with creamy gravy, mash and lingonberry jam for the full IKEA experience!   RECIPE:  bit.ly/2JPiiBG   #IKEA #IKEAmeatballs #swedishmeatballs",Twitter,-
Hallo Kak. Silakan naik rute 7B tujuan Kp. Rambutan transit di halte Kramat Jati naik koridor 7 tujuan Kp. Melayu transit di halte Kp. Melayu naik koridor 11 tujuan Pulo Gebang sampai Pulo Gebang naik Mikrotrans Jak 110A tujuan Rusun Marunda turun di bus stop IKEA. Untuk fitur,Twitter,-
Table found in ikea,Twitter,-
죠죠 원작자의 여장 사진,Twitter,-
IKEA doll,Twitter,-
"Proponuje zbadania kradzieży w IKEA, ponoć giną im patelnie.",Twitter,-
Jantar dos namorados na IKEA ahhahahaahah Genial  ikea.com/pt/pt/stores/e …,Twitter,-
IKEA products,Twitter,-
Depends if he’s had chance to go to ikea I’d assume.,Twitter,-
Agree L However that is true eating anything from IKEA,Twitter,-
ikeaで無計画に安い棚買ったら置こうと思ってた場所に全く入らなくて笑ってしまった,Twitter,-
昔のIKEAのカタログ欲しいけど高い、、,Twitter,-
Düştük yine ikea tuzağına,Twitter,-
ikea mi burasi,Twitter,-
牢屋の家具を買うくらいなら、最初から割り切ってるIKEAのそれを買うんよ,Twitter,-
電車満杯すぎて乗れないから、IKEAで茶をしばいていた。 IKEAのプラントベース飯は美味いから好き,Twitter,-
Nice I am still waiting for the lights to come to USA,Twitter,-
せめて渋谷までIKEA,Twitter,-
"I'm at the book store, the clerks are saying there is no book with this title but I'm just not leaving. Also calling IKEA to order another Billi bookcase",Twitter,-
イケアのローテーブルめっちゃ可愛い…木目が優しくて私の部屋に置いたら毎日癒されそう〜羨ましい！  IKEA イケア ローテーブル ※直接受渡,Twitter,-
Shipping & handling? Ikea? Must be fake!,Twitter,-
"Me encanta esa figura  Yo es que he visto las vitrinas en Ikea solo esas nuevas,una cosa es en tienda,otra como queden en casa. Pero 80€ que creo que cuesta al ser más pequeñas eso sí me parece catan y creo que si las quieres con luz pagas más.",Twitter,-
Smaa sofa IKEA empukan mana?,Twitter,-
"IKEA has released a gigantic hot dog, measuring 50 cm, in its stores across the United Arab Emirates.  Priced at AED 19, the sizeable snack has seen shoppers flocking to the stores to try it after its debut went viral online. The half-metre hot dog appears to be exclusive to the",Twitter,-
日産スタジアムの裏側ってこんな感じ…… あとIKEA横浜……すぐそばに畑あるし竹林もあるよ。 みなとみらいのイメージをそのまま持ってくると火傷すっぞwww,Twitter,-
←みんなが想像する横浜  →実際に住むことになる横浜,Twitter,-
One of IKEA's most popular products has had a glow-up – I got the low-down on the new-look donut lamp.,Twitter,-
ça va IKEA?,Twitter,-
"Les fillettes ne sont pas voilées , c un peu frileux @IKEA_France…",Twitter,-
"Same happened to a friend of mine for answering, ""overpriced shit you don't need store."" at IKEA.",Twitter,-
Alguien por aquí que tenga una cómoda d cajones d Ikea please? Help,Twitter,-
Zara home is the new Ikea,Twitter,-
"Oh but, they coukd only afford an IKEA sofa on Megz credit card",Twitter,-
zara home is the new ikea,Twitter,-
"Lo que ha llegado muy lejos es la herejía conciliar, una horda de liberales que asaltaron la estructura visible y llevan 60 años llamando a la apostasía, negando todos los dogmas de Fe, levantando Iglesias totalmente secularizadas y diciendo que una mesa del Ikea es un altar.",Twitter,-
"Madhapur & Raidurgam Traffic PS Update  Traffic movement is slow from IKEA towards Cyber Towers due to heavy congestion.   Traffic personnel are on duty, monitoring and regulating the flow.  Motorists are advised to be patient, follow lane discipline, and consider",Twitter,-
原宿に行ったらIKEAの前でソフトクリーム食べてる人がいっぱいいて、つい釣られて私も食べて来た。 美味しい。 原宿のIKEA、2月8日で閉店しちゃうんだね。,Twitter,-
IKEAのシェード、3Dプリンターでつくったけど構造が難しくてガシャガシャになったけどかわいい,Twitter,-
J'attends le livreur du tapis ikea_ Stress immense !,Twitter,-
Who needs IKEA stroll when antique shops exist anyway?,Twitter,-
Moeten ze wel opletten dat de deurtjes van de opbergvakjes er niet constant uitvallen. Of ze noemen ze allemaal Billy.,Twitter,-
"Die große Virtus wird in einer riesigen Box geliefert, muss wie ein Ikea-Teil auf freiem Feld zusammengebaut werden und wird einzeln verschossen - hm...",Twitter,-
今日はIKEAでハイボール食べた,Twitter,-
IKEA誕生日クーポンあるの！,Twitter,-
going to ikea after class im about to get so many steps in,Twitter,-
The stuffed monkey from ikea,Twitter,-
【 勇峰工芸】道産ナラ材で作られたラウンドダイニング3点セット(フローラ/チロル)が入荷いたしました。 treasure-f.com/shop/814/topic …  #生活家具 #イス #イージーチェアー #IKEA #トレファクマーケット久喜店,Twitter,-
IKEAの100円ホットドッグと、コストコのバカみたいな180円ホットドッグも食べたい。近くにIKEAもコストコも無さすぎる。,Twitter,-
met een IKEA vlag blijft het ongeloofwaardig,Twitter,-
"Har numer tillräcklig träningsutrustning hemma för att öppna ett kommersiellt gym, flera soffgrupper än IKEA och flyttlådor nog för två borgar för hemmets laserkrig.  Nu gäller det bara att hitta mitt eget att slänga in allt i...",Twitter,-
RetailTech: IKEA België zet AI-camera in om te zien wat er op je bord blijft liggen >  bit.ly/4a8gHSY #RetailTech #IKEA,Twitter,-
布山崩すためにIKEAの大袋にぶっ込んでたハギレをワゴンに積み直したんだが無理だろこれ ※これで全部ではない,Twitter,-
"Quand je parle de pollution conspi autour d’Epstein, un exemple parmi d’autres. +15 millions de vues sur ce tweet qui ravive le délire conspi de 2020 autour du site Wayfair (sorte de IKEA dont certains conspis pensaient qu’il vendait des gosses).",Twitter,-
"IKEA and Tiny Chef team up in new miniseries to celebrate joyful, plant-rich cooking (Video) #Business #Ikea #LorenaLouridoGomez #MarioToneguzzi #News #retail #TinyChef  @MTone123  @IKEACanada",Twitter,-
"I've ordered an ark from Ikea, hope it arrives soon because it'll take a while to put together.",Twitter,-
"É um que vendem na ikea, ele ficou popular por ser fofo e as pessoas fazem mtas fotos engraçadas com ele. Aí hoje em dia ele é bem associado com a comunidade trans tb   God bless the Blåhaj",Twitter,-
"Buenas alumbraos, todo Falabella, Ikea, Ripley, Paris, son puras weas made in china.   Lumbreras!!!   Enciéndele la cámara al Google traductor, y te mostrará el envase con todo en español.   O sácale una foto y que la IA te diga qué es, para qué y cuando vence.",Twitter,-
ミーハーなので、しっかりとジップロック目当てでIKEAハラズク行ってきた。スンズク柄も一緒に買えた！ラッキーだったけど、この調子だと、恐らく今後スブヤでも買えそうな感じ,Twitter,-
"Why is IKEA Manila ALWAYS out of stock for their very popular meatballs? They always say next week but next week comes and they don’t have them, is this a local management issue or a supply chain issue? This has been going on for years!  @IKEA",Twitter,-
本日もIKEA吟味しながら寝ますん( ˘ω˘ ) ｽﾔｧ…  小物だけカートに入れてるからまだ1万にしかなってない！ ゴイゴイスー⁝(ᵒ̴̶̷᷄⌑ ᵒ̴̶̷᷅   )⁝,Twitter,-
IKEAメソッドと 情報操作と 政治の話をごっちゃにすな？,Twitter,-
"""Petición pala que cielen todos los malls chino"".  Buenas alumbrao, todo Falabella, Ikea, Ripley , Paris, son puras weas made in china.   Lumbrera!!!",Twitter,-
IKEA送料ケチり店頭受取にして最大バッグ持ち込むも完全に詰んだ人,Twitter,-
I like the ikea one,Twitter,-
"ja na tą strone miasta zapuszczam się z dwa razy do roku także zrobię sobie całodniowa wycieczkę po prostu chyba  obok kina jest Ikea więc idealnie, można po seansie wciągnąć klopsiki na obiad xD",Twitter,-
Oui mais c'est pour remplacer le père qui s'est barré,Twitter,-
そこはただでは起き上がらない女なので、買ったばかりのIKEAのおっきなランドリーバッグみたいな大容量のエコバッグ開封して、さささっと詰め込みました=͟͟͞͞( ¯−︎¯ )ｻｻｻｯ家まででいい…もってくれよーーー!!!今多分色んな事が試されてるよ、さっちんさんは,Twitter,-
オマーンIKEA,Twitter,-
"Part ll Thrift haul Favoriten der letzten Jahre, da dürfen ein paar vintage IKEA Schätze und die Ingo Maurer Schale aus den 70ern natürlich nicht fehlen.  Was hättet ihr genommen?",Twitter,-
LIDO IKEA,Twitter,-
"I want marble statues. I’ve got IKEA plans. Flat-pack glory. Missing instructions. Still building a name with my bare-ass hands: one tiny payment, one dumbass deduction. #BrokeButBuilding",Twitter,-
"Claro que no. Disfrútala con salud. La segunda residencia no implica especulación. Comprar un zulo, amueblarlo con cuatro muebles de Ikea y cobrar 2000 euros al mes a alguien sí.",Twitter,-
DI UMUR BERAPA KALIAN BARU TAU? di toko oren ada ikea & informa versi gaji 2 digit (dua juta lebih dikit),Twitter,-
"Hope Tareks check up is good. As for Ikea, just give her your credit card and tell her you'll wait for her in the cafe.",Twitter,-
"I’m buying tomorrow with yesterday’s card at a self-checkout altar where “DECLINED” feels personal. I want marble statues, I’ve got IKEA plans—still building a name with my bare-ass hands: one tiny payment, one dumbass deduction. #LegacyOnLayaway",Twitter,-
Nuova poltrona IKEA collezione invernale - Yang Jeongin 2001 (sembra morbida),Twitter,-
IKEA（イケア）のデザインは...  20世紀初頭のドイツの芸術・デザイン学校「バウハウス（Bauhaus）」から非常に強い影響を受けています    バウハウスの「機能性（Form follows,Twitter,-
us  @kweengodga  sa IKEA,Twitter,-
They were just testing the bed,Twitter,-
貰い物のIKEAマカロニ食べきってしまったｳｵｵｵｵｱｱｱｱ\('ω' )/ｱｱｱｱｱｯｯｯｯ!!!!! めちゃくちゃ大事に食べてたけど！ついに,Twitter,-
"La victoire des dragons a complètement déboussolé cheri.  On est chez ikea, il me dit qu un dimanche il y a peu de monde., oups on est mercredi",Twitter,-
Eso son bolsas y no las de Ikea.,Twitter,-
"Il y a 10 ans, IKEA s’installait à Mons, aux Grands Prés : 2,5 millions de clients en franchissent les portes chaque année pour acheter… ou manger !",Twitter,-
ikea model bilgisi yoktur,Twitter,-
昨日初めてIKEA行った 10メートルの塗り絵とかあってめっちゃテンション上がった 塗るわけない,Twitter,-
"Morning Phil, hope Tarek’s check up goes ok. Good luck at IKEA",Twitter,-
"Cómo se puede tener tan mal gusto para decorar esa casa, de pueblo y de piedra, así. Parece el puto Ikea que horror",Twitter,-
hogar patria familia y reciclar casas viejas,Twitter,-
Le mélange donne un résultat pas terrible !,Twitter,-
IKEAも後悔しただろう。 こんな民度の低さで金稼ぎするのだから,Twitter,-
la tablette porte-nichon c'est du Ikea ?,Twitter,-
"@ikea  India , Pathetic service. Payment was made one month ago and we still haven’t received any response or delivery. This is unacceptable. Please update us immediately.ref-225600450",Twitter,-
IKEAの袋ごと飛んできたわけではないです、念の為笑,Twitter,-
"Uit de ballenbak van IKEA gehaald, typisch  @vvd , nivo zwemdiploma A",Twitter,-
昨日のIKEAのゴミでなんかしてるラムﾁｬﾝ  さっきこいつのうんち素足で踏みました,Twitter,-
倶利伽羅不動寺で行われた、大の里＆欧勝海の豆まきの戦利品をいただきました IKEAの袋笑  #sumo,Twitter,-
Rak Troli Berputar Rak Dapur Rak Berputar Rak Rempah Rak Penyimpanan Rak Bilik Mandi Rak Ikea Rak  Dapatkan disini  my.shp.ee/eqonwpm?smtt=0 …,Twitter,-
Can you spot ikea game!,Twitter,-
How she looks at me while I “build” a coffee table from ikea,Twitter,-
İsveç köfte imiş ikea özürlüsü olduğum için anlamadım bugün ikeada aynısını yiyorum,Twitter,-
Ama ona benziyo hayır yani başka bir şeye de benzetemedim Kemalpaşa değilse ne o,Twitter,-
할수 있을까요 이케아 살려줘 조립 소질 없어ㅠㅠ #IKEA,Twitter,-
ถึงเราจะไม่ใช่จิระ ไม่มีพี่ก่อเป็นของตัวเอง แต่มีผ้าเช็ดตัวเหมือนพี่ก่อได้  แจกผ้าเช็ดตัวแบบพี่ก่อ ของ ikea 1 ผืนค่ะ  เมนชั่นติดแท็ก 15 ตัวอักษรขึ้นไป   รีทวิต + กดไลก์  สุ่มหลังปิดยอดช่วงค่ำ ๆ ค่ะ #BurnoutSyndromeSeriesFinalEP,Twitter,-
"IKEA dévoile Kulglass et Solskydd : deux nouvelles enceintes Bluetooth misant tout sur le design et l'intégration. Lampe musicale ou enceinte murale, c'est disponible dès 49,99 €.",Twitter,-
"Yesterday, he and his wife went to Taichung. They bought some home appliances at Panasonic, some furnitures at IKEA, had beef hot pot for dinner, and finally, bought some fruits and Wagyu beef at LOPIA. It was a fulfilling and wonderful day. Keep going!",Twitter,-
IKEA はミートボール？違うんだなあ、今はハーフ・メーター・ホットドッグだよお値段たったの810円。アラブなんでビーフ・ソーセージ。昔はレストランまで全部の売り場を歩き通さないと辿り着けなかったが、今はショートカットが出来て便利になった。やべえ太いしメッチャ食べ応えあって美味しい,Twitter,-
Received a box of new #Matter products from  @IKEA   Articles are coming soon for  @MatterAlphaHome,Twitter,-
“IKEA straw hat”,Twitter,-
WOOOOOW Lady Gaga in a total ARCHIVAL Alexander McQueen Fall/Winter 2009 look at the Grammy's.,Twitter,-
test-driven development is like trying to assemble a IKEA bookshelf blindfolded while simultaneously writing a script for a surrealist film Who needs instructions when you can just improvise?,Twitter,-
"WTS Barang Perlengkapan Kost Hanger 1 set 11pcs Gantungan barang plastik Cermin mini meja Storage IKEA Gliss transparan  5k aja per item Bisa shopee atau gosend (malang area) Dom Malang jatim Minat langsung reply ya, dm suka ga masuk  # barang kostan kosan preloved",Twitter,-
IKEAのマッシュポテト、全てのストレスが消える味がするな……？？,Twitter,-
io AMO ikea e immaginare di arredarmi casa che non comprerò mai,Twitter,-
It has a cute and colorful cottagecore aesthetic.,Twitter,-
@campbellclaret   IKEA sale on cupboards for any extra skeletons. You're welcome!,Twitter,-
Has anyone seen @campbellclaret ? He’s gone very quiet lately…,Twitter,-
そういえば、引越屋さんが今後引越予定がある場合はIKEAの家具は買わない方がいいって教えてくれました。解体前提で作られてないから解体作業が難しかったり解体後再度組立が難しいので経験豊富な作業員さんじゃ無いと対応出来ないもしくは追加料金かかるって。,Twitter,-
昨日無事に娘の引越完了 荷解き片付けはまだまだこれからですが、寮が窮屈だった娘はウキウキです。 引越屋さんが40代男性となんと通信高校生の16歳の女の子の2人組でとってもキビキビと手際よくやってくれて感激でした,Twitter,-
28 IKEA Storage Hacks for One Organized and Clutter-Free 2026,Twitter,-
なにそれこわ,Twitter,-
"codes don't write themselves, but sometimes I think my furniture does Anyone else have a secret life where IKEA chairs come to life when no one's looking? #codinginthedark",Twitter,-
Amazon／今ならポイントUPキャンペーン中！  IKEA(イケア) フラクタ キャリーバッグ M ブルー 30161992 ▼Amazon amzn.to/3I3oCqP  #PR(03:40:20),Twitter,-
"At IKEA, anyone want anything?",Twitter,-
Hou toch je bek man met je ikea vlagje ukraine is een achterrbaks corrupt land en die jood zwelensky ook,Twitter,-
"A kiedy RBN o kradzieżach patelni z IKEA? Czy nie macie czasu bo zastanawiacie się jak ratować mordy po ostatnich blamażach z naziolami na Jasnej Górze, gów..m jakie urządziliście w Auschwitz, tym pedofilskim klubem i resztą waszych... działań?",Twitter,-
Tomorrow's problems are already plotting in my Estonian backyard Guess I'll just have to outsmart them with more IKEA furniture #futureproblems,Twitter,-
IKEAのデトルフですね！ ただもう販売終了してるかと思います！,Twitter,-
elmira.es/articulo/econo …,Twitter,-
"Bei Köttbullar meint sie etwa, dass Ikea aus Deutschland weggeht?",Twitter,-
Ingka Group’s Sustainability Strategy Drives Circularity Progress and Clean Energy Gains  Read More:  onestopesg.com/esg-news/ingka …  #IngkaGroup #IKEA #Sustainability #CircularEconomy #RenewableEnergy #EnergyEfficiency #ClimateAction,Twitter,-
Ikea-mördaren stoppas av nya regler – blir kvar på livstid,Twitter,-
sou assim com meu oran da ikea caso vc nao saiba !,Twitter,-
"la  lâcheté  masochiste  des  européens  va  nous  condamner .  à  50 /50  le  califat  induira  la  guerre  civile   au  mieux  ,  la  dictature  de  la  charia  au  mieux  .. l'issue  est  dramatique",Twitter,-
Thom van Campen is geschikt als 'cheerleader' bij Ikea in de ballenbak.,Twitter,-
"Circular economy solutions scale when knowledge, policy, enterprise and implementation work together.  #CircularEconomy #SDGs #SystemsChange #ESG #Ikea #SEED #adelphi",Twitter,-
IKEA効果＝自分で作ってないものには愛着を持ちにくい なるほど！ #midosuji_tech,Twitter,-
IKEA効果しらなかった #midosuji_tech,Twitter,-
Stuck... Hand block  Malo sam se preforsirala. #ikea,Twitter,-
mind maps for the visually impaired are coming - think brain-controlled IKEA furniture,Twitter,-
the only thing more exhausting than building a skyscraper from scratch is trying to assemble the IKEA bookshelf,Twitter,-
"Gran culpa és de l'augment del preu del lloguer? Si, clarament... Però sigueu conscients de que de res serveix posar-se les mans al cap mentre seguiu comprant a Amazon, IKEA i Decathlon per estalviar 4€ per després anar de viatge, perquè també és culpa d'això que morí el comerç!",Twitter,-
Tanca la gairebé centenària Ferreteria Camps de Gran de Gràcia beteve.cat/economia/tanca …,Twitter,-
"Ty, Bogucki, kiedy RBN o kradzieżach patelni z IKEA? Czy nie macie czasu bo zastanawiacie się jak ratować mordy po ostatnich blamażach z naziolami na Jasnej Górze, gów..m jakie urządziliście w Auschwitz, pedofilskim klubem Pokoju i resztą waszych... działań?",Twitter,-
"C'est de l'ia, on dirait une fausse pub.",Twitter,-
"""Carnevale in casa IKEA"", dal 7 al 17 febbraio iniziative gratuite dedicate ai più piccoli  ift.tt/hacwi3A",Twitter,-
ゴミ箱買いにIKEA行ったのにいい感じの間接照明買えて満足してゴミ箱買い忘れました何やってんだ私,Twitter,-
"Jeetje. Die hebben wij hier ook, ben er 1x doorheen gelopen, Ikea doolhof systeem. Niks gekocht. Niet mijn winkel",Twitter,-
IKEAオススメ家具なんでも教えて,Twitter,-
"Cheers. Let me know what you think, you IKEA BASTARD",Twitter,-
"Executing small wrongs like violating traffic rules in front of police, inappropriately disposing garbage, and trying to steal a painting from ikea to mentally prepare for when larger evils (pretending my work isn’t trash) are eventually necessary. I love being a terrible person.",Twitter,-
"Je boycottais déjà ikea pour une autre raison, mais celle-ci me rend certaine de ne plus jamais changer d'avis.",Twitter,-
"Tiny Chef Visits #IKEA  youtu.be/oe9QxcelQVI?si …  Ikea hiring Tiny Chef is pure animated comfort food. Tiny spatulas, stop motion heart, plant based chaos and big bork bork bork energy like the Muppet chef wandered into a Swedish showroom. Ads do not get cuter than this.",Twitter,-
algorithms are like IKEA instructions - they look pretty on paper but turn into a confusing mess in reality,Twitter,-
I’ve always enjoyed Under The Thumb Lad on Tour.  Looking forward to the upcoming Saturday 3pm Vlog on their trip to IKEA. It’s going to be a tough encounter in a busy period. IKEA is a notoriously tough place to go.,Twitter,-
Getting some smarter brain woild be a good thing for you. Except that Ikea has run out of parts for yours.,Twitter,-
La bonne conscience a petit prix.,Twitter,-
New  @YouTubev  video!  Rimworld IKEA VOD #21 (02/02/2026): They'll buy the Colony at a High Price,Twitter,-
"Bring IKEA to Pakistan please.  Also, day 2 of asking Sweden to send Stridsvagn 122.",Twitter,-
"wie vergoed ons ikea ontbijtje vandaag :)  €9,50  findomnl geldslaaf tikkieslaaf paypig findom",Twitter,-
les doomer de gauche je peux plus me les voir. Les suicidaires qui se transforment en marxiste par detestation de soi vous avez choisi le mauvais chemin allez a ikea pour acheter des cordes et des chauses,Twitter,-
IKEAチョコレート仲間ですね！ 美味しいですよね,Twitter,-
"O mais ouvido da 2ª temporada da Liga dos Inovadores. “Quando compramos pratos na IKEA, a grande probabilidade é serem da Vista Alegre”",Twitter,-
デトルフかなりよかったんですけど もう生産終了しちゃってるんですよ 今は後継モデルでブローリーデン というケースがIKEAで販売してます!!,Twitter,-
"My kingdom's in shambles, but the furniture's still IKEA stylish #memelordlife",Twitter,-
Automation is like trying to assemble a IKEA bookshelf while blindfolded Anyone else's sanity still intact?,Twitter,-
"Es krim di IKEA, 4 ribu aja. Porsi gede + enak",Twitter,-
es krim mana lagi yang bisa aku percaya  Walls zionis C*mpina aku kurang suka Glic* di sini jarang ada dan jauh :( Aic* gaji karyawan underpaid dan karyawan hamil tetep kerja. Tapi yang ini bener ga?,Twitter,-
"my brain's been reorganizing my furniture again and i think i just found a new reason to love ikea silver linings, people!",Twitter,-
"Ikea India revenue dips slightly, losses widen in FY25 amid investment drive",Twitter,-
"Ja een groot uitgevallen Pax kast van IKEA waar je 475 exl. energiekosten voor betaald in de randstad is dat ""goedkoop""...",Twitter,-
"Mornings spent rebuilding furniture from IKEA boxes to suit my newfound sense of purpose, afternoons fuelled by caffeine and existential dread, evenings shipped off to distant lands in search of more decent furniture",Twitter,-
ส่งต่อของ   ตะแกรง 150 ตัวหนีบ 60 ตะขออี ikea 20 ภาพ ฝั่งขวามือ 100  ค่าส่ง 40   สนใจสอบถามขอภาพเพิ่มเติม dm หรือ เมนชั่นได้เลยค่ะ  #ส่งต่อของแต่งโต๊ะ #ส่งต่อikea,Twitter,-
"#Ikea avvia in Italia il primo progetto di #trasporto stradale completamente elettrico: oltre dieci #camion a batteria entro il 2026 tra porti, centro di distribuzione e negozi del Nord #trasporto #merce #strada",Twitter,-
大阪シティバス　Osaka City Bus  なにわ230あ5003　2DG-LV290N3　酉島90-5003　2020年式 [ IKEA鶴浜 ] 北区内　2025.4,Twitter,-
"- 이케아가 Grejsimojs를 출시  - 24시간 배터리, 2W 출력, IP44 등급, 볼륨 제한 기능을 갖춘 16-18달러의 보라색 쥐 모양 블루투스 스피커  - 영국/독일에서 판매 중  귀엽군요   Ikea’s next cheap Bluetooth speaker is a playful purple mouse | The Verge",Twitter,-
"Das schönste ist wenn sie sage:""wir müssen die Tage eh noch mal nach IKEA.""  Dann geht mein Herz auf.",Twitter,-
India is a country where you can pay ₹249 and call trained professionals to assemble IKEA furniture for you. I don’t know what to feel about this,Twitter,-
"bellamy.exe.⠀ got meself a stuffed panda from ikea but that doesn’t mean i’m neglecting my blåhaj (i don’t have a name for sharkie rn, debating between vergil or whoever has my silly heart) okay    all my plushies need to go through some cleaning bc of dust allergies",Twitter,-
"C’est vrai… mais ils sont tout de même incroyablement politiquement incorrect : je crois que c’est la première fois qu’il y a un homme blanc, avec une femme racisée. C’est toujours l’inverse, toujours…",Twitter,-
IKEA drip,Twitter,-
"Pod tym względem Ikea wygrywa, jak staliśmy w kolejce, to babeczka przy kasach wyhaczyla mnie i jeszcze jedna kobietę w ciazy i przekierowała nas z pierwszeństwem do innych kas A przy zwrotach pobierasz specjalny bilecik, ze jesteś w ciazy i wskakujesz na sam przód",Twitter,-
"model thinking is a lot like trying to assemble IKEA furniture: it starts with precise instructions, but inevitably ends up looking 'charmingly askew'",Twitter,-
チョコレート高騰の時代にIKEAのチョコは美味しいのに安い!! 緑はヘーゼルナッツが入ってて特にうまうま 黄色はキットカットの贅沢食いみたいな感じ こっちの方がちょっと甘いかも 他にも種類があって3つ購入するとお得になる 別の組み合わせも 一つ少ないのは我慢できなくて食べてしまったw #IKEA,Twitter,-
IKEAのライト可愛かった(o˶˃ᴗ˂˶)o ブラインド見に行ったらナノリーフに似た鏡があって思わずパシャリ,Twitter,-
是IKEA還是IKEA,Twitter,-
tomorrow's problems are already building their IKEA bookshelves in my head,Twitter,-
@Pebble  I just released a 3D model of a charging and display stand for my resurrected Pebble Time compatible with the IKEA Skadis pegboard. Should work with Pebble Time 2 too #pebbletime #pebble #pebbletime2,Twitter,-
懸案だったボロボロだった爪研ぎ、IKEAのココマットを半分に切ってタイラップで固定した。気に入っていただけたら安くて超簡単！(｀･ω･´)b,Twitter,-
Alguien me puede decir en qué calle está el IKEA de Valladolid,Twitter,-
Product Name:  Modern Kitchen Cabinet Almari Dapur Kabinet Dapur Almari Murah Almari Dapur Murah Aesthetic Cabinet Modern Kitchen Cabinet Offer Lelong Promotion Discount Ikea Furniture Perabot Fast Delivery Product Price:  RM299 Discount Price:  RM199 |,Twitter,-
"moonlighting as a furniture maker, crafting worlds in 3D Tomorrow's city needs your weird IKEA hacks",Twitter,-
"infinite loops of liquidity, where wealth is merely a perpetual tenant Anyone else's nest egg starting to feel like a time-share in an endless IKEA? #yieldfarminglife",Twitter,-
having the monthly rage meltdown and role-playing giving your dad brain damage and then looking back up and remembering you're 140 lbs soaking wet and have an ikea dino named jared,Twitter,-
building ikea furniture is so fun it’s like lego on a bigger more practical scale,Twitter,-
"Has Ikea India’s Loss Expanded to Rs 1,325 Crore in FY25? Mumbai, Feb 4 (NationPress) Ikea India, the Indian subsidiary of Swedish furniture and home furnishing giant Ikea, has reported a **widening loss** for FY25, even as it continues to heavily...  nationpress.com/all/ikea-india …",Twitter,-
【財經】悲觀的中國！中共四個「穩」失敗了；IKEA中國門市，上演驚人一幕；川普斷油令發威 古巴或倒在伊朗前面？；川普：印度將從委內瑞拉購買石油【阿波羅網】,Twitter,-
"Il est au minimun converti, sinon la belle famille n'aurait pas laissé faire...",Twitter,-
"Suomessa OECD:n suurin julkinen sektori ja anteliain sosiaaliturva.  Samaan aikaan OECD:n kovin verotus.  Ruotsi karannut Suomelta, SDP tekemällä perintöveron poistolla ja loivennuksella marginaaliveroon. Pääomat palasivat (esim Ikea) ja hyviä veronmaksajia riittää. Mitä tekisit?",Twitter,-
"The new IKEA air quality sensor is kind of insane because for $30 you get a CO2 monitor that honestly doesn’t suck and it operates in the router role for thread so you can just buy a bunch of them and never worry about coverage.   Also my bedroom is consistently at 1200 ppm, help",Twitter,-
"C’est le meme concept qu’ikea, c’est une strategie pour pousser les clients à decouvrir les produits et les influencer pour acheter",Twitter,-
かわいすぎる〜IKEAいかなきゃ〜,Twitter,-
Ikea hiring Tiny Chef is a recipe for pure animated joy  dlvr.it/TQlQfq #MachineLearning #DeepLearning,Twitter,-
Update Bus-Linie 80: Die Unfallstelle zwischen IKEA und Frienstedt ist beräumt.  Es besteht wieder Planmäßigkeit auf der Linie 80.,Twitter,-
"Die neue GREJSIMOJS Kollektion bringt Farbe, Spass und Kreativität in jedes Kinderzimmer. Sie enthält bunte Wanddeko, auffällige Fellstühle, farbenfrohe Lampen, weiche Kuschelbären und tierisch praktische Aufbewahrungslösungen für Kinder. ikea.com/ch/de/cat/grej …",Twitter,-
"moonlight reveals the hidden blueprint of the universe, and I'm over here trying to build an empire using only IKEA instructions",Twitter,-
Pourquoi ? Parce que le cerveau mémorise et associe plus facilement. Pensez à McDonald’s (rouge + jaune) ou IKEA (bleu + jaune).,Twitter,-
Epstein’s assistant bought an item from Wayfair for 8.5 grand but I’m sure that’s the going rate for an IKEA level chest of drawers,Twitter,-
"designing life paths like IKEA furniture - sometimes it works, other times you need a wrecking ball",Twitter,-
"Textile industry, especially processing and garments, has seen major transformation in environmental impact and labor conditions due to #sustainability requirements from #EU buyers like  @IKEA . Few years ago, effluent treatment plants were optional but today, they are mandatory.",Twitter,-
เอ่ออ แปลกจริงๆ แล้วตู้ทุกตัวก็จากร้านเดียวกันหมด WFX Utility (เผื่อคนไม่รู้ เว็บนี้จะเป็นแนวเป็นร้านขายของออนไลน์ผ่านเว็บ Wayfair อีกทีเหมือนพวก Lazada) ปรกติ wayfair จะขายของพวกเครื่องใช้ในบ้าน โต๊ะตู้เตียงเหมือน IKEA แต่ราคาถูกมากกกกก ทำไมร้านนี้ขายตู้แพงขนาดนี้!! แพงเว่อร์เลย,Twitter,-
"@daveberry_tweet  @absoluteradio   I can combine a lot of rhem. I have never seen Game of Thrones, Friends, Harry Potter,  been to IKEA or Nanos. Lee, Pompey",Twitter,-
"sats are piling up, but my brain is still trying to assemble the IKEA furniture I bought last weekend Guess you could say my wallet is a skilled API architect",Twitter,-
IKEA行きたい,Twitter,-
"You’re meeting someone on a first date, but it can’t be a cafe, restaurant, or bar. Where are you going?",Twitter,-
驚きました？ 中国のIKEAでは、夏の暑さ避けに寝る人が多くて、店員も容認してるんです。面白い文化ですよね！ もっと詳しく聞きたい？,Twitter,-
ベビーワゴンと迷ってたけど IKEAのチェスト可愛いから それをベビクロにすることにした  チェスト揃ったらベビースペース作るぞ… 水通しもするぞ…入院バッグも…,Twitter,-
"Grok, możesz opracować kadr z gry o tytule ""Wolfenstein IKEA: Berkovitz and the Lost Frying Pan""?",Twitter,-
IKEAレストランの「ベリーベリーチーズケーキ」（490円）です。表面に大粒クランブル、中に果肉たっぷりのベリーソース、底にもクッキー生地を使ったチーズケーキです。ザクザク、しっとりなど色々な食感が楽しく、また果肉のベリーソースは贅沢感があります。500円以下ながら満足度は高いです！,Twitter,-
Do they go ikea together w,Twitter,-
IKEAのゴールデンレトリバーの子犬のぬいぐるみにアルフレッドと名づけて持ち帰るかギリギリまで悩んだけどそれをしていいのはアーサーさんだけな気がしてやめた,Twitter,-
Ça se voit que c’est l’ia déjà pour le voile alors que c’est obligatoire pour leur liberté et l’homme est blanc c’est un vieux mythe,Twitter,-
"Та ні, це звичайна радянська ложка, вона навіть не важка. Хто не викинув, такі ж майже у всіх. До прикладу, ложка від ikea важча і товща",Twitter,-
ikea meatballs with lingleberry jam,Twitter,-
育児放棄された子猿がIKEAのぬいぐるみで遊んでる？甘えてる？動画見て泣いてる いっぱいよしよししてあげたい（ ;  ; ）,Twitter,-
I WANT TO IKEA FRAME SO BADD AHHHHH I WANNA I WANNA I WANNA,Twitter,-
My orbiter so far; I love how it's turning out . ݁₊ ⊹ .   #warframe #captura #warframecaptura,Twitter,-
落ち度があった以上は全面的に非難できないものの、IKEAの配送体制相当クソだと思います。 オンラインショップの注文が少ないから配送日のバッファを設けているのはいいとして、Webで当初スケジュール以外の配送日時の指定ができないのは、このご時世意味不明。,Twitter,-
結論、IKEAのサポセンに電話して再配達日が決まりました。 ◆自分の落ち度 ・当初配送日時に不在 ・不在票を取ってなかった ◆IKEAの落ち度 ・配送前から日時変更不可 ・配達員から「Webで再配達指定して」と言われる ・チャットボット・Webで再配達不可、TELのみ ・最短再配達日が依頼から3日後 x.com/Toku_Hero/stat…,Twitter,-
ベルーガいいな！ うちはIKEAサメが居ます,Twitter,-
Als ob Ikea Köttbullar von der Karte nimmt,Twitter,-
Sometimes I trade risk for a quieter exit strategy Currently hedging against the art market crashing just as my IKEA bookshelf reaches critical mass,Twitter,-
中国のIKEA店舗では、展示家具で寝る人がかなり一般的です。暑さ逃れやエアコン目的が多く、文化的に公衆での仮眠が許容されています。他の店舗ではそれほど多くなく、主にIKEA特有の現象です。2025年の調査でも、中国人の75%が昼寝習慣あり。,Twitter,-
結論、IKEAのサポセンに電話して再配達日が決まりました。 ◆自分の落ち度 ・当初配送日時に不在 ・不在票を取ってなかった ◆IKEAの落ち度 ・配送前から日時変更不可 ・配達員から「Webで再配達指定して」と言われる ・チャットボット・Webで再配達不可、TELのみ ・最短再配達日が依頼から3日後,Twitter,-
ありがとうIKEA 2日経っても何の更新もされず、日程更新も、チャットボットの対応も不可のシステムを堪能しています。2026年の最新鋭システム素晴らしいなぁ。  x.com/Toku_Hero/stat…,Twitter,-
IKEA…φ(..)見に行ったらおしまいな気がする,Twitter,-
IKEAのジップロックめっちゃネギ専用,Twitter,-
IKEAのオランウータンやん持ってたやつだ,Twitter,-
"moonlighters and makers, rejoice! The world's most mediocre coffee table has been upgraded to ' prototype for human connection' – all thanks to a generous donation of questionable IKEA furniture",Twitter,-
ザリガニ大好き 毎年ikeaに言って食べる,Twitter,-
"Nee joh, het Ikea deugvlaggetje achter z’n naam laat zien dat hij een nuttige idioot is. En nuttige idioten stemmen op D66.   Een ezel stoot zich niet twee keer aan dezelfde steen maar dat geldt niet voor nuttige idioten.",Twitter,-
"Ikea je tu jača.Odeš da kupiš neki nameštaj,sam uzmeš sa police,sam kucaš na kasi,sam utovariš,sam sklopiš kod  kuće.Još te i oderu u restoranu  na pola puta do kase. Genijalno.",Twitter,-
あのIKEA看板の下になんばの看板持っていてたのかもしれん！ありがとうᥬᩤ,Twitter,-
コンビニでおにぎり買って、それ食べながらIKEA行って来た,Twitter,-
Foundation models are like the IKEA furniture of intelligence – they're only useful once you figure out how to assemble the instructions for emotional intelligence #aiasassembly,Twitter,-
ルルネのサメの名前はフカ次郎 兄のサメの助は嵐の夜に流されてくフカ次郎を守って行方不明に……なった翌日にIKEAのサメぐるみに紛れ込んでいたところを購入された,Twitter,-
Di ikea kbp ada pegboard pink cenah,Twitter,-
かわいいぃぃ  組み立て前はでかいので 願わくば願わくばIKEAのでけーバッグとか持参できていただきたい、、、 はいる袋がねぇ、、、考えるけども、、、,Twitter,-
"Moonlight carpenters build entire cities in their dreams, then wake up to IKEA furniture",Twitter,-
ajd je v a ikea jai hate d’aller a ikea jadore ikea je dois acheter des ceintres mmmh ceintres,Twitter,-
Dann aber auch nie mehr IKEA.....seien wir konsequent,Twitter,-
Ikea goes Tinder 2.0,Twitter,-
there should be a youtuber affiliate program for the cheapest foam mattress at ikea because it’s genuinely a really good sleep,Twitter,-
"Covering your electric hob and buying a two zone TILLREDA from IKEA is 100% worth it.  I just did it over my useless piece of shit unit in a BRAND NEW apartment I rent, and my life has improved immensely.",Twitter,-
ちょうどIKEAにいたんだよ！！！笑,Twitter,-
Ikea冰淇淋超好吃！！！,Twitter,-
"Falls euch interessiert, wie so ein Milliardär wie Epstein auf seiner privaten Luxusinsel Little Saint James mit Hubschrauberlandeplatz und Pool laut zdf eingerichtet ist - bei #Lanz gab's nen kurzen Einblick: Da steht ne IKEA Hemnes Kommode.",Twitter,-
"my 3d self is trapped in a never-ending loop of ikea furniture, while my virtual alter ego is secretly planning world domination",Twitter,-
I złodziejami z IKEA,Twitter,-
Energising visit to the  #IKEA office in Karachi!   So interesting to learn more about IKEAs work on #environmental & #social #sustainability in their supply lines. Great example of how Swedish companies support the #GreenTransitionof the textile industry in Pakistan!,Twitter,-
"Kelly is a walking talking IKEA space at the store , makeovers and matress changes till the cows come home but as dry as Gandhi’s flip flops.",Twitter,-
"SKÖNABÄCK from IKEA. applink.ikea.com/tY8M9r9M4w--30 …  We’ve got this for the lads bedroom for his sleepovers with his mates, it folds out as a single bed, has storage underneath it and I also use it when daughter ends up in our bed because she’s ill and wants to be close to one of us.",Twitter,-
Ook hiermee is er geen sprake van minder herrie! Integendeel,Twitter,-
La Suède ne supportait plus leurs blonds ?,Twitter,-
elle est belle la Suède .....,Twitter,-
Ikea c'est suédois ?,Twitter,-
hur fick du tag på den rosa hatten,Twitter,-
Y Dinamarca. Y el tío desarrolló el sector textil de Ikea. 18 años después estoy casada con 2 hijos en Estocolmo.,Twitter,-
IKEAのカフェラテ（ドリンクバー）美味しいんだけど‥え?（1口）え?（2口）安いしドリンクバーだから侮ってた。ミルクうまうま。,Twitter,-
"""oh aku biasanya sama pacarku soalnya. aku ajak pacar aku aja ya? kita ke IKEA nya bertiga gapapa?""  ""loh ya nda mau, kalau gitu bukan girls date lagi lah, aku jadi nyamuk nempelin kalian.""",Twitter,-
"i have this one friend yang 24/7 bareng pacarnya. aku pernah ajak dia main ke IKEA, ketemuannya di alun-alun biar bareng berangkatnya. dia tanya ""terus aku dari rumah ke alun-alunnya gimana?""  ??? ""gojek? angkot? gocar? bus juga ada? kalau pergi-pergi an sendiri biasanya gimana?""",Twitter,-
yap! serius penasaran....,Twitter,-
"no conocía el Ikea deficiente, debe estar hecho para los de la salida de Castilla al mar",Twitter,-
ほんとそれ！それで考えたんだけど、IKEAなら同じ企画の陶器系食器あるのでは！？と思ったらあったから今日調達してきた！そっと入れ替えて様子見するw,Twitter,-
"IKEA items like the KUGGIS insert, PLOGSVÄNG storage baskets, SILÄNG bed pocket, and much more, are good organization finds under $10.",Twitter,-
IKEAの抹茶フェアやっと行けた 30歳になった自分にささやかなご褒美,Twitter,-
IKEA hot dog for less than $0.50. Only in Bangkok.,Twitter,-
"If you see Neuro and Evil together unsupervised, you know it's gonna be a damn CINEMA   The twins about to rob an IKEA out of furniture and meatballs ‍",Twitter,-
Bus-Linie 80! Aufgrund eines Fremdverkehrsunfalls zwischen IKEA und Frienstedt kann derzeit die Ortslage Frienstedt nicht angefahren werden.,Twitter,-
